[{"id":1008,"description":"Cheese, caraway","tags":[],"manufacturer":"","group":"Dairy and Egg Products","portions":[{"amount":1,"unit":"oz","grams":28.35}],"nutrients":[{"value":25.18,"units":"g","description":"Protein","group":"Composition"},{"value":29.2,"units":"g","description":"Total lipid (fat)","group":"Composition"},{"value":3.06,"units":"g","description":"Carbohydrate, by difference","group":"Composition"},{"value":3.28,"units":"g","description":"Ash","group":"Other"},{"value":376.0,"units":"kcal","description":"Energy","group":"Energy"},{"value":39.28,"units":"g","description":"Water","group":"Composition"},{"value":1573.0,"units":"kJ","description":"Energy","group":"Energy"},{"value":0.0,"units":"g","description":"Fiber, total dietary","group":"Composition"},{"value":673.0,"units":"mg","description":"Calcium, Ca","group":"Elements"},{"value":0.64,"units":"mg","description":"Iron, Fe","group":"Elements"},{"value":22.0,"units":"mg","description":"Magnesium, Mg","group":"Elements"},{"value":490.0,"units":"mg","description":"Phosphorus, P","group":"Elements"},{"value":93.0,"units":"mg","description":"Potassium, K","group":"Elements"},{"value":690.0,"units":"mg","description":"Sodium, Na","group":"Elements"},{"value":2.94,"units":"mg","description":"Zinc, Zn","group":"Elements"},{"value":0.024,"units":"mg","description":"Copper, Cu","group":"Elements"},{"value":0.021,"units":"mg","description":"Manganese, Mn","group":"Elements"},{"value":14.5,"units":"mcg","description":"Selenium, Se","group":"Elements"},{"value":1054.0,"units":"IU","description":"Vitamin A, IU","group":"Vitamins"},{"value":262.0,"units":"mcg","description":"Retinol","group":"Vitamins"},{"value":271.0,"units":"mcg_RAE","description":"Vitamin A, RAE","group":"Vitamins"},{"value":0.0,"units":"mg","description":"Vitamin C, total ascorbic acid","group":"Vitamins"},{"value":0.031,"units":"mg","description":"Thiamin","group":"Vitamins"},{"value":0.45,"units":"mg","description":"Riboflavin","group":"Vitamins"},{"value":0.18,"units":"mg","description":"Niacin","group":"Vitamins"},{"value":0.19,"units":"mg","description":"Pantothenic acid","group":"Vitamins"},{"value":0.074,"units":"mg","description":"Vitamin B-6","group":"Vitamins"},{"value":18.0,"units":"mcg","description":"Folate, total","group":"Vitamins"},{"value":0.27,"units":"mcg","description":"Vitamin B-12","group":"Vitamins"},{"value":0.0,"units":"mcg","description":"Folic acid","group":"Vitamins"},{"value":18.0,"units":"mcg","description":"Folate, food","group":"Vitamins"},{"value":18.0,"units":"mcg_DFE","description":"Folate, DFE","group":"Vitamins"},{"value":93.0,"units":"mg","description":"Cholesterol","group":"Other"},{"value":18.584,"units":"g","description":"Fatty acids, total saturated","group":"Other"},{"value":8.275,"units":"g","description":"Fatty acids, total monounsaturated","group":"Other"},{"value":0.83,"units":"g","description":"Fatty acids, total polyunsaturated","group":"Other"},{"value":0.324,"units":"g","description":"Tryptophan","group":"Amino Acids"},{"value":0.896,"units":"g","description":"Threonine","group":"Amino Acids"},{"value":1.563,"units":"g","description":"Isoleucine","group":"Amino Acids"},{"value":2.412,"units":"g","description":"Leucine","group":"Amino Acids"},{"value":0.028,"units":"g","description":"Fatty acids, total monounsaturated","group":"Other"},{"value":0.041,"units":"g","description":"Fatty acids, total polyunsaturated","group":"Other"}]}]